file,theta_algo1,N1_algo1,N2_algo1,theta_algo2,N1_algo2,N2_algo2,theta_algo3,N1_algo3,N2_algo3,file_manual,theta,N1,N2
thanh1.wav,3.2149966809960087,1.0,5.47,2.892052064355049,0.62,5.48,3.5388067578193323,0.54,5.53,thanh1.wav,0.987,0.199,5.741
thanh2.wav,8.377494017270674,1.0,2.08,6.562026986782524,0.86,3.73,7.980051751139376,0.67,3.3,thanh2.wav,1.815,0.146,6.029
thanh3.wav,8.108467188650797,1.0,1.12,5.8502141922342705,0.67,3.14,7.212549220081847,0.49,1.96,thanh3.wav,0.876,0.191,7.012
thanh4.wav,9.292510377312635,1.05,1.08,9.095696910245808,0.88,6.31,11.612306807385059,0.0,0.0,thanh4.wav,2.942,0.399,10.037
thanh5.wav,4.8806021362502445,1.16,3.0,2.7932094720542238,0.53,6.81,3.560878822211329,0.42,6.95,thanh5.wav,0.975,0.393,7.369
thanh6.wav,4.539460694162841,1.02,7.46,0.29840215165330564,0.49,8.48,0.37375651026616685,0.48,8.5,thanh6.wav,1.152,0.554,8.553
thanh7.wav,2.388450862018682,1.01,11.81,3.126565040360135,1.11,11.79,3.9053464219258234,0.95,11.81,thanh7.wav,2.58,0.276,11.886
thanh8.wav,3.9566441539055908,1.74,2.11,5.109485751399067,1.88,1.92,6.259604403633427,0.0,0.0,thanh8.wav,3.436,0.112,6.669
thanh9.wav,4.385258222540151,1.22,1.29,4.150384532856322,0.93,1.3,5.230982780738622,0.0,0.0,thanh9.wav,2.249,0.316,8.78
thanh10.wav,4.359050613580676,1.48,1.5,3.9451260528722596,0.81,1.56,4.850130633217648,0.0,0.0,thanh10.wav,1.689,0.124,6.459
toan1.wav,6.335019283935898,1.11,2.63,7.409353797455378,1.12,2.63,8.725182562172314,1.11,2.64,toan1.wav,5.1772670789,1.1769,2.68934
toan2.wav,6.731566865708313,1.0,2.89,7.1456595984335,1.0,2.89,8.346256565618043,1.36,2.89,toan2.wav,7.5711220845,1.4487,2.921
toan3.wav,4.982722398021693,1.08,3.01,6.77220355430226,1.1,3.0,7.962481949690497,1.09,3.01,toan3.wav,4.9736063079,1.1743,3.0167
toan4.wav,53.19371747035538,1.0,1.61,7.1886869921997985,0.52,3.18,8.441225722877554,0.82,3.19,toan4.wav,8.4293718584,0.91385,3.24638
toan5.wav,62.727551917043,1.02,2.21,3.125546520562817,0.78,3.32,3.6882113656924105,0.77,3.33,toan5.wav,4.7664953973,0.98457,3.3685
toan6.wav,4.221869753718513,1.4,3.92,3.0720648357875997,0.86,3.93,3.61085558185924,0.82,3.94,toan6.wav,4.3831519647,1.5852,3.979
toan7.wav,2.8577937365569497,1.15,3.38,4.066219460801942,1.18,3.37,4.865822199222739,1.15,3.38,toan7.wav,3.0681749264,1.329,3.409
toan8.wav,85.12470016209448,1.34,1.88,7.459562899821907,0.86,2.7,8.831103778786861,0.83,2.71,toan8.wav,6.7288604608,0.9575,2.7755
toan9.wav,3.4311491409427877,1.45,3.19,4.725307981373828,1.46,3.18,5.544279508968683,1.45,3.19,toan9.wav,3.2233586851,1.577,3.2155
toan10.wav,4.857954959317283,1.04,3.34,6.196897780519493,1.72,3.33,7.296588410844582,1.71,3.34,toan10.wav,2.7451825869,1.797,3.368
