file,theta,N1,N2
thanh1.wav,0.987,0.199,5.741
thanh2.wav,1.815,0.146,6.029
thanh3.wav,0.876,0.191,7.012
thanh4.wav,2.942,0.399,10.037
thanh5.wav,0.975,0.393,7.369
thanh6.wav,1.152,0.554,8.553
thanh7.wav,2.580,0.276,11.886
thanh8.wav,3.436,0.112,6.669
thanh9.wav,2.249,0.316,8.780
thanh10.wav,1.689,0.124,6.459
toan1.wav,5.1772670789,1.17690,2.689340
toan2.wav,7.5711220845,1.44870,2.9210
toan3.wav,4.9736063079,1.17430,3.01670
toan4.wav,8.4293718584,0.91385,3.246380
toan5.wav,4.7664953973,0.984570,3.3685
toan6.wav,4.3831519647,1.58520,3.9790
toan7.wav,3.0681749264,1.3290,3.4090
toan8.wav,6.7288604608,0.95750,2.7755
toan9.wav,3.2233586851,1.5770,3.2155
toan10.wav,2.7451825869,1.7970,3.3680
tien1.wav,31.5651,0.668,2.013
tien2.wav,7.0513,0.461,1.770
tien3.wav,10.2373,0.506,2.266
tien4.wav,28.2881,1.621,3.763
tien5.wav,31.6213,1.346,3.205
tien6.wav,40.8601,1.280,3.017
tien7.wav,33.2568,0.300,1.242
tien8.wav,17.6985,0.173,1.779
tien9.wav,19.5700,0.475,2.673
tien10.wav,29.4630,0.693,3.859
tuan1.wav,4.5282,3.253,5.922
tuan2.wav,4.2602,4.243,6.710
tuan3.wav,4.6375,6.512,10.551
tuan4.wav,10.8442,7.433,13.032
tuan5.wav,3.9338,5.277,10.472
tuan6.wav,5.1763,6.363,12.220
tuan7.wav,6.1496,6.581,11.533
tuan8.wav,7.7072,7.204,11.460
tuan9.wav,8.2698,7.170,12.082
tuan10.wav,14.2602,6.303,11.140
viet1.wav,3.2231,3.538,9.311
viet2.wav,3.9760,3.430,8.978
viet3.wav,1.6110,2.580,6.770
viet4.wav,2.9961,2.823,7.266
viet5.wav,3.3857,1.740,5.892
viet6.wav,2.5843,1.815,6.318
viet7.wav,4.9632,1.880,6.179
viet8.wav,3.6821,2.597,7.207
viet9.wav,2.7313,2.853,8.051
viet10.wav,3.9901,2.702,7.517